1,"It looks soft and comfortable to use The appearance is quite good, nice to look and stylish",good
2201,super comfortable good 38 to 40 size,good
2202,"Maganda, makapal, at pwede ipang araw araw na isuot. First time to order on this shop and we will order again. Thank you seller",good0; will order +2.0; Thank +1.0
2203,Thanks sa mabait na rider and seller,GOOD,
2204,Ganda ng quality po,0.5423,GOOD,,Ganda +2.5
2205,good god Good,0.7783,GOOD,,good +2.4; Good +2.4
2206,Wrong item naman nakakadisapoint ang ganito. Imbes na akin eh naging pangtrabaho na ng asawa ko ang haba saan daw don ang ankle,-0.5423,BAD,,Wrong item -2.5
2207,Nipis naman ng item,-0.3612,BAD,,Nipis -1.5
2208,"iba pinadala, hindi naman knee socks😔",0.0,NEUTRAL,,
2209,Hindi un inorder ko malalaki ung dumating,0.0,NEUTRAL,,
2210,Thank.you seller,0.25,GOOD,,Thank +1.0
2211,"compostable to wear,the cotton are soft and breathable against my skin,It's very nice and the socks are neat and nice for outfit and the delivery rider is very kind.Nice store.will order again.",0.9022,GOOD,,very nice +2.5; nice +1.8; Nice +1.8; will order +2.0
2212,"Thank you! Buti na lang nabibili na lahat sa shopee, di kailangan lumabas ng bahay, mas safe to stay at home. Okay naman ang products!",0.555,GOOD,,Thank +1.0; Okay +1.0
2213,Received na po ang mga items.. Good quality po ang mga items and complete.. Correct din po ang mga items. Several times na po akong umorder sa shop na ito and i am always satisfied. Thank you po.. Until next transaction..,0.8176,GOOD,,Good quality +2.3; satisfied +2.2; Thank +1.0
2214,"Maganda po yung quality ng mga items 👌. Medyo hindi ko lang nagustuhan ang packaging. madumi po yung plastic na pinaglagyan ng nga shorts, di yun alikabok kasi kapit talaga sa plastic, di ko alam kung ano yun, baka nalimutan lang punasan bago ibigay sa courier. Lalabhan naman bago gamitin kaya 👌",0.2018,GOOD,,Maganda +2.5; nagustuhan -1.7; madumi -2.0; 👌 +1.0
2215,Good products. I was satisfied! It's great and ayos lahat ng items. Thank you seller and thanks Shopee............. 💖💖💖💖😍😍😍😍,0.9918,GOOD,,Good +2.4; satisfied +2.2; great +3.1; ayos +1.8; Thank +1.0; thanks +1.2; 😍 +2.5; 💖 +2.0
2216,Still smooth transaction this is my2nd order seller never dissappoint me kompleto at nasusunod lahat ng order ko thankyou seller will order again.,0.8316,GOOD,,smooth +1.8; order +1.0; order +1.0; will order +2.0
2217,Wala po akong masabi ang gaganda po ng shorts. Sana po walang mag bago ginawa ko po kayong supplier ko. Oorder po ako ng pa ulit ulit. Thank you po sa freebie nyo😊😊😊😊☺️☺️☺️😍💕💕💕,0.9709,GOOD,,Wala -0.5; gaganda +1.1; ulit +2.5; ulit +2.5; Thank +0.2; 😍 +2.5; 😊 +1.8
2218,still satisfied from this shop 🤗❤️ complete order and color. Size check😊 thankyou seller. Pang 2times ko ng nag order dito at satisfied ako lage.❤️,0.9788,GOOD,,satisfied +2.2; order +1.0; order +1.0; satisfied +2.2; 😊 +1.8; ❤ +2.0; ❤️ +2.0; 🤗 +2.3
2219,Ang ganda ng quality ang bait din ni seller thank you po tama lahat ng dumating dito ulit ako oorder next time ⭐⭐⭐⭐⭐⭐⭐⭐⭐⭐⭐⭐,0.9042,GOOD,,ganda +2.5; bait +2.0; thank +1.0; tama +1.0; ulit +1.7
2220,Complete orders with correct variations😊😊😊 Ganda talaga ng mga shorts nyu ... sllamat seller .... Sobrng nagustuhan ko ...di moko binigu 😁😁😁😀😀😀,0.9856,GOOD,,Ganda +2.5; nagustuhan +2.6; 😊 +1.8; 😀 +2.0; 😁 +2.0
2221,Maganda yung tela and mabilis delivery.,0.743,GOOD,,Maganda +2.5; mabilis +1.8
2222,Thank u so much po! Maayos po at makapal ung tela 😇,0.6476,GOOD,,Thank +1.0; Maayos +2.0
2223,Thank uThank u.. Sakto lahat ng dumating at maganda po,0.743,GOOD,,Thank +1.0; Sakto +0.8; maganda +2.5
2224,"Maganda. Nagustuhan ng anak q kya order aq ulit. Sana ganu n p rin s dati masunod ung kulay na gusto ng mga anak q. Thanks seller, shopee at J&T. God bless po.....",0.8674,GOOD,,Maganda +1.2; Nagustuhan +1.1; order +0.5; ulit +0.8; gusto +2.7; Thanks +0.3
2225,Legiiiit😍 Ang ganda ng mga items👍 Recommended shop,0.9477,GOOD,,Legiiiit +2.5; ganda +2.5; Recommended +2.5; 😍 +2.5; 👍 +1.5
2226,hagagvabajjajansjsjsjajiaisisis ajajuaususjsjnsjsjsjsn sjjssnnsnsnsnsn snnsnsns very very very nice jjajsnsjs,0.6206,GOOD,,very nice +3.1
2227,"Maganda maganda , lagi akong omoorder sa shop na to wla namang maling items. Salamat salamat . oorder pa ko ulit. Bbbbbbbbb.",0.925,GOOD,,Maganda +2.5; maganda +2.5; wla -1.0; maling +1.3; Salamat +1.2; salamat +1.2; ulit +1.7
2228,"Mabilis nadeliver ang mga items, maayos ang packaging. Sa susunod ulit na order, ibang kulay naman. Salamat.........",0.8934,GOOD,,Mabilis +1.8; maayos +2.0; ulit +1.7; order +1.0; Salamat +1.2
2229,"Maganda po ang mga items, maayos din ang pagkakapack , hindi man ganun kabilis pero kaya naman hintayin. Salamat sa seller. Oorder po ulit ako 😊 though mali ang isang short pero mabebenta ko naman yan sa iba.",0.7351,GOOD,,Maganda +1.2; maayos +1.0; Salamat +0.3; ulit +2.5; mali -2.7; 😊 +1.8
2230,17 days bago dumating. .parang overseas.,0.0,NEUTRAL,,
2231,Cloth is thin Material Not bad,0.431,GOOD,,bad +1.9
2232,mukhang hindi gawa ng hanford,0.0,NEUTRAL,,
2233,Low quality,-0.5423,BAD,,Low quality -2.5
2234,Wrong size,-0.4588,BAD,,Wrong size -2.0
2235,"The seller send me the Wrong size. Instead of Small, they send Large.",-0.4588,BAD,,Wrong size -2.0
2236,"the product works, I haven't tried it yet as I was charging it rn, at first I tried to return and refund it cause I tried to charge it and it won't, I did that many times, I tried to charge it and it doesn't work. but now I cleaned it w alcohol and tissue, and I tried to charge it again and it worked. they've returned to me, but I'm trying to contact them to return the money they have returned me. so to the seller, I'm sorry for the inconvenience I may have caused. didn't know yet, tho I like the lights of the buds Product good for it's price",0.3071,GOOD,,return -0.8; refund -0.8; doesn't work -1.3; return -2.2; I like +2.7; good +3.6
2237,wrong item received Ordered M10 I received F9. Product Poor quality sent me a cheaper product. Too much hassle to request for a refund.,-0.9153,BAD,,wrong item -2.5; Poor quality -2.8; hassle -2.0; refund -1.5
2238,hindi nagana Product hindi nagana bad,0.431,GOOD,,bad +1.9
2239,Tapus ung left hnd gumagana walang sounds pero ung right meron seller pano to,-0.5423,BAD,,hnd gumagana -2.5
2240,mahina ang sounds and bass ang dali dali ma lowbatt and di na gumana yung nasa left good,-0.7351,BAD,,mahina -2.5; lowbatt -1.8; gumana -2.3; good +2.4
2241,Product sira dumating di gumagana sayang pera 0/10 0000000,-0.93,BAD,,sira -2.5; di gumagana -2.5; sayang pera -2.8; 0/10 -2.0
2242,Product not good bad item disappointed discouraged Sira Ang Isang airpad ayaw gumana wag kayo bibili dito Ang pangita nang product very poor pag ka balot walang box madaling malobat,-0.9693,BAD,,good -1.8; bad -2.5; disappointed -2.7; Sira -2.5; ayaw gumana -2.0; poor -2.3; malobat -1.5
2243,Kanina pa na charge pero 00 parin. May sira nmn pinadala nio.,-0.6956,BAD,,sira -3.8
2244,HINDI PO GUMAGANA YUNG RIGHT EARPODS KAHIT NAKA KULAY BLUE NA SYA AYAW PARIN MAG BUKAS BAKIT NAMAN GANTO AHHAHAHAH,-0.2755,BAD,,GUMAGANA -1.1
2245,Product SIRA YUNG LEFT AYAW MAG OPEN GOOD PERO ISA LANG GUMAGANA 50/100(AYAW LANG TALAGA MAG OPEN NUNG ISA 🥺) SAYANG YUNG BAYAD KO. NATUTUWA PA NAMAN AKO KASO SIRA PALA YUNG DUMATING. NEXT TIME PACHECK PO MUNA BAGO KAYO MAG SHIFT OUT PARA DI PO ABALA AT MANGHINAYANG YUNG BUYER NIYO. E REFUND KO SANA KASO SA SOBRANG EXCITEMENT KO PINAGTATANGGAL TANGGAL KO NA YUNG PLASTIC NA NAKADIKIT.,-0.9453,BAD,,SIRA -1.6; GOOD -1.2; GUMAGANA +1.1; SAYANG -1.4; SIRA -4.8; REFUND -3.4
2246,Not working Product Cheap None 3 weeks hinintay ko tapos pagdating d gumagana. Imagine my frustrations. Kakaumay. Not recommended. Nag deliver ng defective items. D man lang chineck kung gumagana. Sayang ng pera tas Ang bagal pa nga process ng return refund policy.,-0.968,BAD,,working -2.3; d gumagana -2.5; recommended -1.9; defective -2.8; gumagana +1.5; Sayang -2.0; bagal -2.0; return -1.5; refund -1.5
2247,Not Good Product Not Good Bad,-0.8423,BAD,,Good -1.8; Good -1.8; Bad -2.5
2248,Grabe NMAN seller NITO pinadala sa akin sira ung items. Ayaw gumana,-0.7579,BAD,,sira -2.5; Ayaw gumana -2.0
2249,sira ang earpiece ayaw palitan..need pa daw isend back s kanila ang item...huwaw Product bagsak wag n kayo bibili dito..kakasura bagsak pati customer service bulok.. goodluck !,-0.8313,BAD,,sira -2.5; bulok -3.0
2250,i noticed some issued with one side not producing sound,0.0,NEUTRAL,,
2251,Not. Good ng di ng charge. Mghapon ko na gi charge wla parn,0.34,GOOD,,Good +2.4; wla -1.0
2252,Parehong left side Yung pinadala Hindi right and left,0.0,NEUTRAL,,
2253,bilis malowbat,-0.5423,BAD,,bilis malowbat -2.5
2254,"I have problem to one earpods on the right side, didn't have sound.",0.0,NEUTRAL,,
2255,minsan gumagana ang isa..minsan hindi nothing best Product poor,-0.5951,BAD,,gumagana +1.5; best -2.4; poor -2.0
2256,SIRAAA TANGINAA SIRAA POTANG INA MI SIRAAAA WAG KAYO BIBILI DITO ANLAYO NG INORDER KO SA DUMATING,-0.7906,BAD,,SIRAAA -2.5; SIRAAAA -2.5
2257,sira Ang deniliver Di gumagana 0% Ang charging kahit Ang tagal naka charge pag on 2 seconds shutdown na sayang pera nyo,-0.9231,BAD,,sira -2.5; Di gumagana -2.5; tagal -1.5; sayang pera -2.8
2258,Sira naman yung right earphone ...sana bago ninyo i ship chini chek ninyo kung working or not,0.1027,GOOD,,Sira -1.2; working +1.6
2259,sira ang item na na received ko sad performance Product bad quality Sira ang Ear buds na binigay niyo sakin isa lang yung gumagana haist sayang ang pera,-0.9451,BAD,,sira -2.5; sad -1.4; bad quality -2.8; Sira -2.5; gumagana +1.5; haist -1.5; sayang -2.0
2260,5 mins lang lowbat na,-0.4215,BAD,,lowbat -1.8
2261,bulok,-0.6124,BAD,,bulok -3.0
2262,hindi po gumagana,-0.2755,BAD,,gumagana -1.1
2263,"Defective ports, wont charge the headset",-0.5859,BAD,,Defective -2.8
2264,After 4 days sira na sya agad kakainis,-0.7783,BAD,,sira -2.5; kakainis -2.3
2265,Di nagana haha,-0.5106,BAD,,Di nagana -2.3
2266,Sira kaagad yung isa,-0.5423,BAD,,Sira -2.5
2267,ang bilis malowbat 😅,-0.5423,BAD,,bilis malowbat -2.5
2268,Badly di gumagana yung kabila wla sound,-0.6705,BAD,,di gumagana -2.5; wla -1.0
2269,right earbuds is not charging properly,-0.5423,BAD,,not charging -2.5
2270,The left bud doesn't work and has no sound,-0.7906,BAD,,doesn't work -2.6; no sound -2.4
2271,Maganda Naman pero walang Kasama Yung ear piece nya,0.5423,GOOD,,Maganda +2.5
2272,The sound is louder on the right and weaker on the left. It's not easy to charge and doesn't work with any type C charger,-0.5574,BAD,,doesn't work -2.6
2273,Ok Sana Kaya Lang madaling matanggal sa tainga. Malamang madaling masisira sa kakalaglag o nawala.,-0.4588,BAD,,Ok -2.0
2274,"Thank you, hindi lang nagana yung left na earphone.",0.25,GOOD,,Thank +1.0
2275,"Er, the left earpod isn't working... For some reason. It's not turning on. Am I doing something wrong ? Already fully charged, by the way.",-0.5106,BAD,,working -2.3
2276,ok nmn bilis lang malowvat,0.5859,GOOD,,ok +1.0; bilis +1.8
2277,ok sound quality Noise cancellation: not that good For 24 pesos I exactly got what I expected: cheap earbuds with almost average quality sounds. NOT RECOMMENDED if you can afford better ones. But this is just what I need rn while saving for a better one. Wala rin saksakan charger? Also it doesn't look like the one on the photos.,-0.5624,BAD,,ok +0.5; good -0.9; RECOMMENDED -1.2; Wala -1.1
2278,Hassle iconnect. Right earpiece not working. Pakahassle.,-0.743,BAD,,Hassle -2.0; working -2.3
2279,Lobat ung dumating ska mabilis lng malobat din,-0.6486,BAD,,Lobat -1.8; malobat -1.5
2280,Good for a cheap price.,0.5267,GOOD,,Good +2.4
2281,"Okay naman,madali nga lang malubat!",0.6239,GOOD,,Okay +1.0; madali +1.8
2282,Hindi gumagana yong isa Earbuds,-0.5423,BAD,,Hindi gumagana -2.5
2283,Di nagana ung left side..,-0.5106,BAD,,Di nagana -2.3
2284,"Terrible connectivity. nag di-disconnect kahit nasa bahay lang ako. very disappointed masyadong malaki kumpara sa ibang earbuds, and sensitive masyado ung touch sensor",-0.8398,BAD,,Terrible -3.0; disappointed -3.0
2285,Product hindi gumagana ang kbila,-0.5423,BAD,,hindi gumagana -2.5
2286,Disappointed fake battery nya,-0.8271,BAD,,Disappointed -2.7; fake -3.0
2287,"Deffective item ,,the buds was not charging",-0.802,BAD,,Deffective -2.7; not charging -2.5
2288,3star lang kasi Sira yong isa,-0.5423,BAD,,Sira -2.5
2289,Biglang nagdidiscomnect yung left side,0.0,NEUTRAL,,
2290,Wow ang bilis dumating 3 weeks lang naman. Salamat ha,-0.802,BAD,yes,Wow +2.2; bilis +1.8; Salamat +1.2
2291,Ang ganda talaga nasira after 1 day. Super quality!,-0.1511,BAD,,ganda +2.5; nasira -2.8
2292,ang ganda daw lol ,-0.5423,BAD,yes,ganda +2.5
2293,ang bilis daw mag charge lol,-0.5,BAD,yes,bilis +1.8
2294,sana all nalang tamang item yung dumating lol,0.0,NEUTRAL,,
2295,Wow ha ang tibay at ang ganda ng tunog. Sana all may ganito,-0.8658,BAD,yes,Wow +2.2; tibay +2.0; ganda +2.5
2296,they are very secure in my ears even though i am lying down the sound is clear and loud to hear. wow grabe hindi ko talaga in-expect na sobrang ganda talaga ng product na ito pinagsisihan ko talaga na bakit hindi ko dinamihan ang pag-order nito kung bakit isa lang ang inorder ko. Haysst sana pala dinamihan ko na kasi nga ang mahal nito sa ibang mga shop at dito sa shop na ito ay mura lang at napaka high quality na talaga niya sobrang legit. i will definitely order again soon lalo na kapag nagkaroon ulit ako ng mga voucher at may pa-discount na naman sila. Overall perfect na perfect.,0.9832,GOOD,,wow +1.1; ganda +1.4; mahal -1.8; mura +2.2; high quality +4.0; legit +4.5; order +1.5; ulit +2.5; perfect na perfect +5.2
2297,"maganda good Product good Hindi masag yung tunog at malakas, sana matagal mag lowbat Thank you seller at sa nag deliver",-0.1531,BAD,,maganda +1.2; good +1.2; good +1.2; matagal -1.8; lowbat -2.7; Thank +0.2
2298,for listening for audio Product very nice ang bilis lang na deliver at ang ganda ng sounds niya. very lightweight and sleek. will order again.,0.9153,GOOD,,very nice +2.5; bilis +1.8; ganda +2.5; will order +2.0
2299,Product sobrang ganda tapos umiilaw pero yong pag on niya hindi english ang kanyang intro ay ibang linguwahe ang sinasalita niya pero work it naman good good,0.9357,GOOD,,ganda +1.4; work +1.6; good +3.6; good +3.6
2300,Product affordable very good easy to us Hindi madaling malowbat.,0.8225,GOOD,,affordable +1.8; good +2.7; malowbat +1.1
2301,ang ganda at mura pa love it 😍 malakas ang tunog nya komportable ka sa pag tulog hindi ma sakit,0.9477,GOOD,,ganda +2.5; mura +1.5; love +3.0; komportable +2.0; 😍 +2.5
2302,Good Good Love it! This shop really deserved 5 star. Why? Cause at first i thought na hindi gumagana ang left earbuds / sira pero nagkamali ako. Gumagana pala both and alam ko na paano gamitin. I love it!😊❤️ I HIGHLY RECOMMEND THIS SHOP!😊,0.9712,GOOD,,Good +1.2; Good +1.2; Love +1.5; hindi gumagana -1.2; sira -1.2; Gumagana -3.0; love +4.5; RECOMMEND +4.4; 😊 +1.8; ❤ +2.0; ❤️ +2.0
2303,earbuds are lightweight and fits in my ear there is surround effect that makes it so good,0.5574,GOOD,,good +2.6
2304,"very comfort very good Ang ganda.di nag dredrain yung battery pag di mo ginagamit.tagal ma lobat.sulit sa presyo.will buy again.salamat seller ,rider all goods satisfy with cheaper price.",0.9314,GOOD,,good +3.0; ganda +2.8; tagal -1.5; lobat -1.8; sulit +2.5; will buy +1.8; salamat +1.2; goods +2.0
2305,"good excellent amazing Sobrang liit at lightweight! Hindi masakit sa tenga kahit side-sleeper ka or nakahiga habang nagbabasa ng transes. ""Invisible"" talaga siya tingnan kapag suot na. Good for its price. Clear naman ang audio for lectures and podcasts, though 'wag mag-expect ng heavy bass na pang-concert.",0.9342,GOOD,,good +2.4; excellent +3.2; amazing +3.2; liit -1.4; Good +2.4
2306,"The earbuds are lightweight and fit comfortably in my ears. They can be worn for a long time without discomfort. The sound quality is good for the price. Audio is clear and loud enough for the music, videos and calls Very satisfied with this product. easy to connect good battery life and nice sound quality. great value for the price and worth buying. highly recommended! thanks seller! ⭐️⭐️⭐️⭐️",0.9814,GOOD,,good +2.4; satisfied +2.5; good battery +2.2; nice +1.8; great +3.1; worth +2.0; buying +1.5; recommended +2.5; thanks +1.2
2307,solid malakas Ang volume kahit low lang Ang I volume mo sound nya clear at maganda Solid Ang earpads na to matagal dn ma lowbat Ganda gamitin for jogging di nahuhulog,0.8625,GOOD,,solid +2.3; maganda +2.5; Solid +2.3; matagal -1.2; lowbat -1.8; Ganda +2.5
2308,good Product good good Maganda to lalo na sa Mga nag-helmet ganda ng kulay white matagal din ma lowbat pangalawang order ko na sa shop na to thanks,0.9468,GOOD,,good +2.4; good +2.4; good +2.4; Maganda +2.5; ganda +2.5; matagal -1.2; lowbat -1.8; order +1.0; thanks +1.2
2309,Product 10 10 10 Maganda sounds nea at good quality thank u seller,0.8316,GOOD,,Maganda +2.5; good quality +2.3; thank +1.0
2310,Product kung ano ang nakikita sa picture ay iyong ang appearance niya.. malakas ang sound maganda,0.5423,GOOD,,maganda +2.5
2311,Product 10/10 10/10 10/10 legit 💯 must buy very affordable and elwhat you see is what you get,0.9589,GOOD,,legit +2.5; affordable +2.1; 💯 +2.5; 10/10 +2.0; 10/10 +2.0; 10/10 +2.0
2312,Nice Product Nice Nice Super ganda ng item hindi kayo magsisisi ♥️♥️,0.9595,GOOD,,Nice +1.8; Nice +2.0; Nice +2.2; ganda +3.2; ♥️ +2.0
