review,rating
Super nice and JBL airpods thanks seller,5
Sobrang lakas ng sound effects grabe legit jbl sya. Salamat shopee and seller ang ganda ng binigay nyo sakin kahit na 0 ko lng syang nakuha.Order po ulit ako para makabawi naman hehe,5
the earbuds works good & good for 3 hrs these earbuds connect quickly w/ my other devices . Very impressive for the low price but high quality in sounds. I loveeee it !,5
the sound is very good and clear these earbuds is quick to connect,5
solid maganda ang tunog matagal malobat,5
Ganda ng sounds matagal din malowbat Incase na malowbat siya nachacharge niya rin sarili niya,5
Kahit defect di kayo bibigyan ng return/refund.,5
Product didn't even meet up to half my expectation none GARBAGE,5
"hindi pa ako nakakaconnect, ang hirap nyang umilaw. parang ang bilis bilis masira sobrang tagal na nga dumating, mali pa. pink jbl order ko tapos puti na not the same as i order pa ang binigay sa akin",5
"wla ka maririnig girl di mo feel may earpods ka hahaha lalo nat isa lang. nagana battery life girl di abutin 1hour hhaha imagine right lang nagana ha kasi sa left ayaw gumana tapos mga 30 minutes sa ear mo sasakit na ewan ko hahahh Product: Defective/Damaged Item, Item Not as Described, Poor quality, Counterfeit product Wala kang makausap na matino sa puro Ai sasagot sayu hahaha tapos hahanapan kapa nang video na hindi gumana hahaha pano mo makita sa video na di nagana ano speaker lang hahahahha un lang dis advantage pag mumurahin bilhin mapapaMURA ka nalang haahhaa kong may negative star negative star ibibigay ko sa store nato frustrating so much ang experience ko sobra grabi nkaka nginig nang laman",5
"not bad, wala volume function. Product 4/10 2 hours lang low batt na agad. Product: Poor quality Sobrang gaan, so you need to check time to time if nakakapit pa ba sya sa ear mo.Wala batt percentage un battery case, so you'll never know if low batt na. Wala din light if fully changed na un case. 2 hrs lang max duration per heads. Sound quality, fair lang din. I won't recommend this one kahit cheaper pa sya.",5
received item does not match the item shown in the product images on your listing.,5
"15 mins lang lifespan , nakaka dismiya! Product: Poor quality, Counterfeit product, Item Not as Described",1
"WAG NA KAYONG BUMILI DITO SCAMMER ITO, WALANG LAMAN ANG EAR PODS NA PINA DELIVER",1
Parang nag tinda lang si seller ng kakanin na plastic lang nilagyan haynaku bakit ba ina allow ng shopee yungila di naman pinupulot ang pera namin dapat e value nyo din hindi yung binta lang kayo ng binta ng mga basura 😡,1
Hmm sira yung isa hindi nag chcharge ayaw dn mag on ni hindi nagrerespond ang seller ano ba yan!!,1
sabog yung tunog kapag naka full volume pero okay naman kapag naka medium yung volume Product: Poor quality,1
Ang bilis ma lobat wala pang 30 minutes nag wawarning na palowbat na🤨,1
mali yung item pangit ng audio ambilis malowbatt minutes lang tinagal,1
hindi gumagana ang isang pods 👎,1
"tagal magcharge, bilis malowbat, hirap magconnect",1
"Fake not a true product, i paid with my own money, not worth it!",1
Hindi siya ma connect sa mga device ko.,1
the left earbuds is not working. i tried to fix it but still no sound. Product: Defective/Damaged Item,1
"Maganda nman sna KASO Hindi lm Ang pagkakaiba ng ""purple"" sa ""pink"" 🤪 Purple Ang order q Hindi Po pink pero salamat",1
pag suka ko nahulog yung isa cempre diko na kinuha kasi puro suka na grabe aberya nyo,1
parang nakapast forward nagmamadali yung sounds😂 very poor Product: Poor quality,1
The one airpod is not working. I will request a refund,1
Matagal mag connect kilangan i unforgat,1
"Only one earbud function. I charged the 2 earbuds this morning at 10am since I received the parcel. It took almost 10hrs to be charged. I tested it this evening around 7pm and it disappointed me with the item. Seller, why this?",1
bat di po na gana to maam? Pangit di na gana sakin siguro fake to,1
Tanginang rider Yan kinuha Yung parcel KO pinicturan Lang SA labas Ng bahay namin tangina mo rider kahh,1
yung isang earpods basag yung tunig okay sana yung lakas ng quality ng tunog kaso basag yung isa,1
Nice,5
Nagustohan Ng customer ko,5
"Maganda Ang short nagustohan nag partner ko, sakto lng sa kanya magaganda Rin Ang mga color",5
Appearance: mganda . hindi sya masyadong manipis hindi rin makapal ty,5
maganda ka naubos nga kaagad ang dating po.thank you sieler,5


"6colors yellow,green, blue,black,red,dark green, light blue",5
"Watch see is wag u gets, gaganda ng design at manipis lang ung tela nya, tsaka ung size nya pang bata lang kasya.",5
"Your device is trying to connect to the internet without a promo. Reply with 1 to continue browsing at P5/500MB (valid for 1 hour), or 2 to register to Go59 and get 5GB (valid for 3 days).",5
Appearance: manipis bagay ngayong mainit ang panahon,5
super Ganda niya thank you seller muwa,5
Appearance: ma liit sya pang bata lang,5
Sakto sa anak ko. Presko kasi di siya makapal.,5
Thanks seller medyo maexsi lng an tella pero ayos naren po 💙🙏,5
the assorted colors look vibrant and match well Appearance: the shorts look good and fits well Ang Ganda ng product na to sakto lang Ang kasal Hindi rin manipis bagay sa mga binata at Hindi sya mahaba,5
ok naman kayalang medo maiksi Pala sya gamitin nalang Kong mainit ang panahon,5
Maganda ang tela at mapreskong suotin,5
